5,10,15,20,Half,25,30,35,40,Finish
32:16,33:04,35:53,35:27,08:57,27:59,36:41,42:52,38:39,16:26
36:33,38:16,39:43,40:53,09:08,36:11,46:40,47:58,43:33,18:20
28:08,28:26,29:14,29:22,06:25,24:13,34:19,39:16,39:43,15:56
-,-,-,-,-,-,-,-,-,-
32:08,32:59,35:40,37:29,08:33,33:45,41:38,44:20,44:14,18:43
24:51,24:55,25:14,25:11,05:30,19:57,26:25,27:10,27:23,11:52
31:00,31:13,33:43,36:55,08:08,30:43,39:03,38:42,37:30,15:58
-,-,-,-,-,-,-,-,-,-
30:42,31:36,32:45,32:10,07:13,27:45,35:41,41:32,44:03,17:01
33:50,33:22,34:45,37:59,07:46,36:10,45:24,46:08,38:01,15:55
23:30,22:51,23:00,23:17,05:05,18:22,24:18,33:34,32:00,12:16
-,-,-,-,-,-,-,-,-,-
19:11,19:15,19:34,19:32,04:12,15:08,19:33,19:43,19:50,09:07
25:44,24:31,25:06,26:24,05:43,21:04,28:46,30:49,31:19,12:12
35:16,37:49,43:47,47:44,09:45,40:43,58:48,52:58,50:42,21:44
33:28,34:32,36:48,43:49,08:19,30:21,52:54,43:50,41:19,17:22
31:03,29:42,31:02,31:38,07:00,24:58,32:38,33:30,33:51,15:00
40:52,41:04,43:15,45:40,10:13,40:09,53:17,57:34,58:52,25:10
41:14,43:10,56:28,51:03,10:10,39:49,56:06,57:19,-,-
27:05,26:40,26:57,27:09,05:50,21:17,27:47,28:29,28:41,12:30
20:55,21:33,21:30,21:20,04:38,16:48,25:26,33:01,32:32,13:09
26:26,27:24,27:41,28:13,05:59,21:54,28:19,28:31,28:46,12:01
29:43,30:47,32:15,32:34,07:21,32:21,42:32,52:04,44:10,18:41
-,-,-,-,-,-,-,-,-,-
31:28,32:54,34:36,37:20,09:17,36:29,50:58,53:36,57:33,24:44
27:20,28:08,28:30,28:26,06:11,22:52,30:05,31:19,31:53,13:36
27:32,27:57,28:05,28:45,06:23,23:23,30:54,37:15,36:41,15:11
23:46,23:53,23:55,23:58,05:17,18:50,24:28,25:16,25:45,11:15
33:15,32:28,33:11,33:33,07:15,26:30,33:42,34:11,33:41,14:11
27:09,26:53,27:57,28:30,06:05,22:25,29:27,31:25,31:10,13:13
28:17,27:57,28:16,28:05,06:02,22:01,29:53,33:55,32:42,14:23
27:25,28:07,28:55,29:03,06:17,23:08,31:55,33:07,35:25,13:41
25:02,25:01,24:41,24:47,05:24,19:23,29:04,30:49,31:22,12:55
25:49,26:50,27:36,27:50,05:53,21:22,27:55,29:27,30:00,15:10
27:13,27:10,26:57,27:16,06:06,23:12,33:03,35:10,35:59,15:16
-,-,-,-,-,-,-,-,-,-
37:23,44:34,33:18,34:22,07:52,34:19,45:34,45:35,43:42,18:22
36:03,35:33,36:55,40:09,08:28,32:52,43:15,44:28,44:39,19:05
28:11,27:41,28:04,28:15,06:10,21:56,28:25,30:20,35:22,15:55
25:35,25:33,25:54,25:53,05:17,20:26,25:24,26:36,28:10,13:00
20:01,19:17,19:43,20:20,04:28,16:26,21:42,22:28,23:37,10:52
28:34,29:14,30:41,31:49,07:17,29:09,38:32,45:41,41:44,16:02
31:21,31:55,32:02,32:13,07:02,25:34,33:38,33:59,33:07,13:46
-,-,-,-,-,-,-,-,-,-
30:02,31:54,32:30,33:29,07:27,27:25,35:46,36:08,37:23,15:32
26:11,26:29,26:24,26:44,05:57,22:05,27:01,28:26,30:42,13:46
34:07,33:45,35:23,36:00,07:57,28:34,38:54,40:17,42:08,16:35
30:12,31:00,31:20,32:17,07:12,27:17,35:03,37:22,36:37,15:27
30:05,31:28,32:03,32:04,06:54,33:28,35:11,36:50,35:19,14:17
25:57,26:58,26:10,26:29,05:42,20:29,26:40,27:16,27:56,12:09
31:09,30:41,31:26,31:52,06:52,25:45,36:06,42:09,43:09,15:30
27:48,28:07,28:32,29:23,06:27,23:30,30:44,36:58,34:12,14:52
-,-,-,-,-,-,-,-,-,-
31:32,32:23,33:08,35:14,07:10,26:18,35:10,44:05,43:53,15:19
-,-,-,-,-,-,-,-,-,-
30:55,33:39,35:28,36:46,08:12,31:59,39:51,42:58,40:06,17:15
21:39,22:13,22:49,23:13,05:05,18:38,24:53,27:31,28:50,12:34
29:49,31:23,32:31,32:31,07:02,25:58,33:36,35:26,36:32,17:45
33:52,33:08,34:13,38:46,07:30,28:04,37:09,41:10,38:07,14:45
24:14,24:14,24:08,24:08,05:09,18:40,24:54,28:59,30:05,13:36
34:03,34:44,34:32,35:12,07:45,31:14,39:20,42:35,40:07,14:42
27:08,27:27,27:49,28:03,06:10,22:02,27:32,27:44,28:03,12:58
38:21,40:00,39:19,46:17,08:15,47:44,45:09,51:02,46:02,19:31
28:26,28:01,27:31,30:08,06:37,24:29,34:18,45:56,39:06,15:57
27:08,27:28,27:48,28:03,06:10,22:03,27:31,27:44,28:04,12:58
25:28,24:17,24:26,24:38,05:19,19:28,25:25,27:01,31:33,12:19
30:14,30:35,33:46,37:55,07:29,28:36,44:38,41:59,42:07,18:09
22:03,21:53,21:55,21:38,04:43,17:13,23:36,27:53,28:04,12:27
31:31,31:59,33:00,37:16,06:59,28:26,43:19,46:08,44:18,16:26
35:51,34:57,36:00,36:07,07:48,30:55,39:02,41:35,39:57,16:30
24:11,24:54,24:20,24:31,05:18,19:08,24:34,24:01,23:21,09:30
26:19,26:26,26:55,27:22,05:59,22:12,30:20,30:44,30:12,13:07
32:53,31:15,32:29,34:07,07:31,38:25,37:58,41:56,43:30,18:08
-,-,-,-,-,-,-,-,-,-
37:32,38:17,46:49,44:35,09:22,36:24,52:54,50:01,49:33,19:48
36:00,34:42,34:13,35:17,07:34,27:45,36:41,40:43,41:49,17:20
27:40,28:06,29:02,31:24,06:48,24:40,33:21,35:57,35:37,14:25
29:29,31:14,30:58,32:58,06:30,24:44,32:08,37:28,44:32,16:55
30:32,30:32,31:03,31:46,06:49,25:20,32:49,34:28,34:52,14:40
-,-,-,-,-,-,-,-,-,-
30:35,30:38,30:52,30:59,06:43,24:37,31:50,32:31,33:16,14:47
20:12,20:47,21:07,21:06,04:35,16:26,21:22,22:03,23:01,10:33
-,-,-,-,-,-,-,-,-,-
32:07,31:16,32:33,33:22,06:59,26:19,34:20,37:35,37:00,15:48
-,-,-,-,-,-,-,-,-,-
23:48,24:09,24:14,24:10,05:11,19:00,24:30,25:03,25:29,11:19
31:22,32:27,34:07,35:46,08:08,30:39,40:00,40:54,43:23,18:20
29:03,29:31,30:12,30:50,06:36,25:33,36:54,37:29,40:40,15:40
21:54,22:09,23:08,24:13,05:30,19:21,25:11,26:23,28:24,13:00
32:56,33:41,34:41,41:43,07:27,27:31,35:53,36:37,35:38,14:04
-,-,-,-,-,-,-,-,-,-
26:04,26:44,27:26,28:45,06:31,25:37,33:31,41:26,01:01:45,20:42
34:05,37:05,34:41,36:03,07:44,28:30,38:31,39:10,38:38,15:00
28:02,28:56,30:59,30:57,06:57,26:11,40:38,41:47,38:26,15:57
24:25,24:37,24:59,25:11,05:29,19:26,26:07,26:34,26:07,11:12
34:09,34:18,35:30,36:45,08:04,30:01,39:55,39:21,40:30,15:21
21:13,21:26,22:04,22:00,04:47,17:34,23:01,24:21,26:56,11:41
27:46,27:54,27:58,28:13,06:07,22:06,28:57,29:15,29:03,11:51
34:54,33:49,34:54,43:54,07:18,28:53,42:06,46:58,43:57,18:33
29:20,29:09,30:20,30:59,06:49,26:38,37:25,41:07,43:00,18:02
36:00,39:11,38:25,39:35,08:33,30:53,40:12,40:02,45:27,16:46
34:55,33:41,34:46,36:20,07:54,39:21,39:38,42:36,42:30,16:09
32:57,33:09,34:08,33:37,07:19,29:40,44:50,50:19,53:03,18:50
32:57,34:00,35:32,37:28,08:11,31:13,41:06,41:57,41:20,16:24
-,-,-,-,-,-,-,-,-,-
33:39,35:10,36:20,38:03,07:50,29:32,40:44,44:08,46:23,18:12
27:14,27:24,27:29,27:43,05:58,21:43,27:55,28:40,33:04,12:47
-,-,-,-,-,-,-,-,-,-
31:03,32:09,33:16,35:59,07:58,30:30,38:05,41:33,43:42,17:16
30:30,29:26,30:33,31:34,06:55,24:53,31:58,34:01,34:10,15:17
33:52,34:02,34:45,35:54,07:30,34:03,38:12,41:33,44:41,18:28
29:05,30:47,35:26,38:58,08:03,33:01,46:07,41:02,42:17,17:45
-,-,-,-,-,-,-,-,-,-
24:05,24:40,24:44,24:46,05:23,20:11,25:09,26:46,27:08,11:47
26:11,26:52,27:23,28:04,05:52,21:29,28:06,29:45,30:03,13:33
32:14,32:41,34:17,34:09,07:31,27:39,37:54,45:23,46:52,18:38
27:37,28:06,28:38,29:29,06:17,22:29,30:10,33:27,53:03,18:12
25:20,25:52,28:24,30:43,06:17,23:54,33:21,34:13,35:02,15:32
-,-,-,-,-,-,-,-,-,-
31:45,33:12,34:23,35:18,07:41,28:39,38:09,39:57,41:09,17:29
24:33,24:15,24:18,24:19,05:23,19:12,24:55,26:13,25:24,10:53
50:47,45:53,45:06,51:50,10:13,39:18,55:23,57:38,54:53,24:16
24:50,25:17,25:18,25:01,05:28,19:53,26:16,27:39,28:08,12:16
16:54,17:16,17:18,17:28,03:47,13:35,18:24,18:51,18:47,08:15
28:11,29:21,31:17,32:53,07:36,28:55,38:58,40:10,40:11,16:04
29:54,32:07,32:17,36:14,07:47,27:20,41:17,49:53,45:20,19:19
20:33,20:31,20:48,20:34,04:27,16:01,20:38,20:46,20:53,09:16
26:07,26:18,26:19,26:12,05:37,20:54,27:34,31:08,31:56,13:35
30:45,30:12,30:31,30:50,06:47,24:38,31:55,33:08,33:45,14:59
21:50,22:23,23:16,24:01,05:15,20:05,29:13,32:17,34:12,13:37
24:27,25:13,25:21,26:16,06:10,23:19,34:21,38:24,41:16,15:48
28:01,27:21,27:48,27:46,05:54,21:24,28:09,32:32,39:30,12:51
20:59,20:56,21:31,22:08,04:48,17:37,24:33,27:31,28:54,12:32
31:04,31:42,33:45,32:25,06:56,27:01,31:45,33:21,32:16,12:54
28:17,28:48,29:44,29:30,06:22,23:36,34:59,34:59,39:22,14:30
34:42,34:26,35:12,36:24,07:59,30:25,51:48,53:15,46:01,18:54
37:34,39:25,50:00,52:10,09:32,37:17,49:07,50:41,52:26,20:49
33:55,32:29,34:55,38:25,08:40,35:00,42:02,48:24,43:00,16:07
-,-,-,-,-,-,-,-,-,-
29:36,28:59,30:03,30:12,06:28,24:46,33:31,39:26,37:46,16:40
25:33,25:02,25:11,25:02,05:24,19:31,25:45,26:22,27:08,11:15
30:12,29:38,29:46,30:34,06:56,24:00,33:27,34:31,32:25,12:59
35:15,45:53,45:03,51:54,10:12,39:17,55:24,57:37,54:53,24:17
-,-,-,-,-,-,-,-,-,-
-,-,-,-,-,-,-,-,-,-
31:36,31:57,30:47,31:02,06:46,25:19,38:04,40:18,37:26,16:30
17:05,17:23,17:37,18:00,03:53,14:11,18:49,20:03,20:23,08:59
32:12,33:47,33:34,34:51,07:12,26:47,38:16,38:42,39:09,17:10
27:34,27:25,28:17,27:47,06:05,21:46,28:03,28:21,28:20,12:11
33:07,42:03,33:52,35:13,07:50,29:21,38:29,40:30,41:33,17:21
23:04,23:11,23:38,23:53,05:05,18:43,24:25,25:09,25:30,11:19
30:26,32:00,31:48,36:38,07:13,30:10,36:25,37:48,37:08,16:39
35:01,37:02,42:33,43:21,10:42,45:03,57:25,57:46,01:04:48,22:29
27:56,27:40,27:58,28:52,06:23,23:53,31:17,33:16,35:26,13:50
38:07,45:09,37:50,40:24,08:43,34:31,43:00,47:02,47:51,20:15
20:46,20:43,21:06,21:08,04:40,16:27,21:33,22:43,24:11,10:53
26:02,26:08,25:52,25:44,05:28,19:45,25:03,24:48,25:05,10:51
27:37,28:38,29:04,29:25,06:24,23:48,37:08,34:34,33:56,14:19
26:14,25:32,25:48,25:53,05:47,21:00,28:22,30:12,31:10,13:50
25:26,25:39,26:05,26:04,05:34,20:08,26:44,28:01,29:30,12:24
24:05,24:22,24:17,24:33,05:21,19:25,24:50,26:08,27:12,11:18
27:15,28:48,29:52,32:06,06:43,28:40,38:49,43:12,39:32,15:42
22:22,22:18,22:30,22:21,04:51,17:36,22:54,23:18,24:32,10:45
23:49,23:53,23:42,24:09,05:21,19:15,25:09,25:41,26:08,11:17
-,-,-,-,-,-,-,-,-,-
35:34,34:35,37:40,39:50,08:36,35:21,47:24,44:39,46:32,19:09
25:10,24:56,24:56,24:49,05:15,19:01,24:37,24:21,23:57,10:09
26:03,26:47,26:45,27:25,05:45,21:07,28:29,32:55,34:35,13:57
-,-,-,-,-,-,-,-,-,-
-,-,-,-,-,-,-,-,-,-
26:19,27:07,28:14,28:39,06:19,23:21,31:45,33:53,32:57,14:49
33:40,34:15,35:06,35:19,07:42,28:26,37:16,39:33,44:11,19:18
26:48,28:38,28:24,28:22,06:06,22:22,29:30,32:21,33:46,14:02
25:21,26:49,28:17,28:32,06:20,23:47,30:51,30:01,31:18,12:54
30:56,30:48,30:54,31:48,06:55,25:51,33:57,35:04,35:08,14:53
29:36,36:48,42:04,45:30,10:07,36:15,45:32,46:04,51:25,21:21
28:56,29:16,30:54,29:50,06:41,24:30,34:27,40:33,44:27,22:08
20:51,20:57,21:04,21:09,04:32,16:28,21:10,21:27,21:26,09:22
23:58,23:55,24:22,25:18,05:42,20:44,28:34,29:34,30:25,13:08
34:23,34:52,36:58,47:21,08:26,52:51,51:41,56:31,48:49,20:16
29:02,29:11,30:13,30:51,06:46,27:17,34:43,39:59,37:25,16:32
26:39,27:58,27:53,28:04,05:53,22:22,28:55,29:27,29:03,12:55
20:15,20:30,20:23,20:06,04:22,15:53,20:26,20:56,21:26,09:21
28:27,30:05,32:21,34:13,07:50,29:32,46:13,44:53,41:22,18:47
29:22,31:02,34:15,39:14,09:51,35:14,46:07,55:54,01:00:21,24:45
26:38,26:57,27:26,27:18,05:48,21:33,29:01,28:32,29:30,11:14
19:07,19:26,19:42,20:13,04:29,16:44,23:21,28:50,28:01,12:00
30:36,30:30,31:43,32:18,07:12,30:27,38:23,44:34,41:20,18:57
26:06,26:58,28:04,29:21,06:34,26:39,36:29,40:51,33:11,16:27
31:35,30:04,30:48,30:27,06:32,25:11,30:57,34:07,34:30,14:43
-,-,-,-,-,-,-,-,-,-
41:01,37:39,37:56,48:35,08:06,31:56,44:35,46:40,46:27,15:49
28:16,28:31,28:57,28:43,06:16,25:14,34:30,40:54,34:34,13:24
28:08,29:25,30:54,32:45,08:12,28:59,36:06,38:18,37:14,16:01
27:52,28:46,28:40,29:15,06:28,24:04,31:57,32:27,32:40,13:26
27:50,28:05,28:43,30:20,06:22,23:13,31:49,34:17,32:56,13:41
27:40,27:55,27:50,28:05,05:59,21:36,28:05,33:40,39:27,16:49
24:29,23:51,24:05,23:59,05:13,18:53,24:25,24:41,25:11,11:06
27:55,28:10,28:14,28:08,06:07,22:07,28:31,29:09,28:33,12:17
-,-,-,-,-,-,-,-,-,-
18:58,18:53,18:53,18:43,04:06,14:32,18:19,17:50,18:00,08:03
24:35,24:11,24:00,24:15,05:00,19:16,27:09,30:32,35:25,13:40
23:43,24:06,24:33,23:14,05:05,18:15,23:26,24:01,24:38,10:44
33:47,33:50,35:26,35:50,07:30,28:27,36:54,39:22,40:53,17:05
33:47,33:50,35:26,35:50,07:30,28:26,36:55,39:22,40:53,17:02
20:53,21:36,21:27,21:18,04:35,16:35,21:18,21:23,21:29,09:12
28:20,28:19,28:28,28:15,06:05,22:21,29:36,34:24,37:53,15:57
27:12,34:05,28:29,28:14,06:05,22:22,29:36,34:23,37:53,15:58
-,-,-,-,-,-,-,-,-,-
-,-,-,-,-,-,-,-,-,-
27:31,29:28,31:34,32:38,07:41,28:18,35:25,36:12,35:22,15:19
22:28,22:40,22:59,23:14,05:08,19:01,24:45,26:47,29:22,13:04
24:51,25:12,25:59,28:04,05:38,22:18,27:12,27:35,27:42,12:22
28:40,29:23,30:55,31:33,07:02,27:23,34:49,39:14,38:58,17:28
22:09,22:40,23:21,23:35,05:19,21:27,28:58,31:06,29:14,12:17
27:45,28:15,29:09,29:26,06:36,25:37,38:59,47:54,40:36,15:55
35:19,34:26,40:59,37:30,08:25,39:13,01:08:02,52:34,52:50,21:19
35:19,34:25,41:00,37:30,08:25,39:13,01:08:02,52:34,52:49,21:19
-,-,-,-,-,-,-,-,-,-
-,-,-,-,-,-,-,-,-,-
32:21,33:38,35:32,34:51,07:32,27:34,36:39,39:25,35:54,15:07
21:05,21:33,21:36,21:15,04:34,16:21,21:01,20:59,21:15,09:39
27:06,27:40,27:38,27:55,06:01,22:57,30:04,35:45,39:19,15:31
30:22,30:34,33:17,35:51,07:54,28:42,38:58,43:11,41:03,17:20
38:52,41:00,41:58,43:18,09:27,35:07,45:46,48:13,46:03,17:58
29:04,30:13,31:05,31:50,07:07,26:44,42:01,43:14,46:38,16:54
26:44,25:52,26:21,26:49,05:45,20:34,26:21,27:24,28:45,13:34
-,-,-,-,-,-,-,-,-,-
25:41,26:40,27:24,27:09,05:57,22:23,28:22,28:54,29:17,12:49
31:50,32:39,33:06,34:52,07:14,26:42,34:52,36:48,37:10,14:45
39:35,34:30,39:34,41:49,09:34,39:12,50:58,50:16,47:07,19:02
30:12,34:29,36:13,39:26,08:33,31:49,41:58,42:59,42:09,18:19
32:13,33:34,35:55,38:12,08:04,31:31,39:41,40:50,41:28,17:02
24:17,23:28,23:38,23:41,04:53,17:48,23:34,24:40,26:39,11:48
31:12,32:18,32:18,36:32,07:50,29:17,38:16,39:29,39:07,14:47
27:39,28:02,28:44,28:41,06:11,23:10,30:34,32:04,32:38,14:26
32:52,32:51,33:28,35:04,07:34,28:24,36:17,35:36,35:54,15:12
24:00,24:13,25:17,24:12,05:13,18:05,23:47,24:10,24:41,10:23
-,-,-,-,-,-,-,-,-,-
21:02,21:08,21:25,21:21,04:37,16:59,22:38,23:58,24:47,10:56
-,-,-,-,-,-,-,-,-,-
32:48,33:41,34:01,34:39,07:31,27:51,36:42,37:37,37:48,15:52
20:03,20:21,20:25,20:23,04:26,-,-,-,-,-
33:28,33:18,34:37,37:06,07:34,39:01,40:17,44:30,44:52,19:22
-,-,-,-,-,-,-,-,-,-
-,-,-,-,-,-,-,-,-,-
30:58,32:08,32:42,34:07,07:32,29:33,36:39,40:30,38:12,15:12
-,-,-,-,-,-,-,-,-,-
21:31,21:23,21:13,21:11,04:37,16:39,21:12,21:31,21:11,09:08
25:27,25:01,25:15,25:40,05:40,20:54,29:16,32:31,32:26,12:37
27:44,28:41,28:27,29:39,06:15,23:17,34:33,40:50,42:32,17:51
24:58,25:30,26:29,26:15,05:39,20:57,28:07,35:42,47:43,27:21
31:15,32:24,32:45,33:43,07:27,27:27,38:42,39:48,39:09,16:41
29:40,30:35,31:55,32:15,06:58,25:00,31:36,35:40,33:09,12:33
25:54,27:53,30:15,32:28,07:21,26:26,36:11,40:08,45:38,23:10
-,-,-,-,-,-,-,-,-,-
27:54,26:53,27:27,27:48,06:05,22:27,30:39,33:16,34:03,14:10
32:30,33:57,35:00,36:56,08:08,30:44,38:42,41:50,40:39,16:59
34:40,33:09,33:47,35:06,07:36,27:40,36:14,37:28,35:48,14:46
32:51,32:23,33:04,34:02,07:16,27:09,34:54,38:24,38:10,15:08
-,-,-,-,-,-,-,-,-,-
-,-,-,-,-,-,-,-,-,-
32:51,32:22,33:04,34:02,07:17,27:09,34:54,38:24,38:10,15:09
26:21,26:51,26:54,27:18,05:49,21:25,31:06,32:27,30:41,13:43
30:00,30:43,32:07,35:24,07:17,28:35,36:20,38:10,38:46,16:57
-,-,-,-,-,-,-,-,-,-
32:04,32:49,33:23,36:28,07:03,32:20,34:51,37:33,38:22,14:38
18:12,18:17,18:18,18:25,04:03,14:29,19:02,21:30,20:04,08:29
26:34,27:29,27:40,28:27,06:28,23:42,32:47,46:08,49:13,14:42
26:33,27:21,26:35,26:24,05:47,20:44,26:39,26:57,26:58,11:40
26:54,26:42,27:10,27:31,05:59,21:33,28:58,29:57,30:25,14:34
28:55,30:47,28:56,31:37,06:27,27:50,34:02,36:02,34:09,13:40
21:54,23:10,22:59,23:10,05:01,18:06,24:00,27:24,28:43,12:27
26:25,26:31,26:38,26:34,05:42,20:49,27:10,28:39,31:14,15:28
26:16,25:27,25:41,25:59,05:39,22:40,27:24,31:56,32:36,13:00
27:00,27:23,27:12,27:48,05:59,22:49,32:14,35:43,39:37,15:49
23:17,22:55,22:53,23:25,05:03,18:15,23:41,24:33,26:04,11:45
29:29,31:23,33:28,34:10,07:47,32:11,42:56,47:30,46:11,18:51
39:19,40:33,43:30,01:00:52,09:32,46:58,44:53,57:20,58:52,22:30
32:38,33:18,34:39,35:12,07:19,26:52,37:49,39:17,41:19,14:28
27:01,28:09,28:12,28:20,06:08,22:11,32:48,37:27,36:54,15:21
30:22,31:09,31:40,32:02,07:04,26:26,33:20,34:42,35:35,15:05
-,-,-,-,-,-,-,-,-,-
35:13,35:52,36:20,37:40,08:18,33:24,42:26,43:50,41:46,17:45
27:47,28:01,28:57,29:13,06:23,23:04,29:45,30:13,33:17,13:44
21:56,22:06,22:16,22:20,04:51,17:37,22:31,23:22,02:09:32,12:45
32:43,42:16,36:13,38:55,08:50,35:42,46:20,49:53,44:20,17:49
23:22,24:12,23:43,23:48,05:07,18:30,24:09,25:34,27:57,11:31
28:13,29:28,31:07,35:32,08:11,30:20,40:22,42:15,42:24,19:06
21:43,22:28,22:25,22:19,04:44,17:32,22:25,22:05,22:00,09:15
26:56,26:44,27:09,27:52,06:02,22:30,29:31,35:10,39:32,16:54
-,-,-,-,-,-,-,-,-,-
39:56,35:22,35:38,37:23,08:08,29:42,41:41,41:37,42:28,17:08
25:20,25:39,26:13,26:09,05:49,20:33,26:55,27:41,27:46,12:12
35:47,35:35,36:07,35:51,07:39,41:42,36:33,37:54,37:33,15:29
-,-,-,-,-,-,-,-,-,-
19:59,20:06,20:24,20:20,04:18,16:09,21:01,21:43,21:47,09:06
44:42,43:56,45:33,46:51,09:55,36:40,46:25,48:01,48:38,20:51
33:41,35:45,36:18,37:53,08:06,33:39,44:59,46:08,40:18,19:44
18:43,18:37,18:46,18:41,04:07,14:44,18:40,19:00,18:55,08:17
26:28,26:59,27:23,27:24,05:57,21:42,28:18,29:03,29:06,13:00
32:08,38:27,39:30,42:55,08:15,34:27,40:39,42:58,42:00,17:22
-,-,-,-,-,-,-,-,-,-
26:39,26:07,26:23,26:55,05:46,21:21,27:42,29:31,31:45,12:20
-,-,-,-,-,-,-,-,-,-
25:03,24:45,24:51,24:41,05:19,19:14,25:08,27:36,29:19,13:52
25:12,25:31,25:44,25:42,05:37,20:21,26:40,27:32,28:24,12:16
30:55,35:12,31:15,31:50,06:49,26:50,38:51,45:51,48:02,16:44
17:40,17:42,17:53,17:56,03:54,13:53,18:29,20:09,21:15,09:30
22:54,22:44,22:58,22:47,04:50,17:32,22:52,23:22,24:00,10:20
36:00,37:30,39:09,40:37,08:57,36:50,44:05,49:38,51:04,18:51
28:41,29:16,29:48,31:08,06:52,28:05,37:28,38:00,37:17,15:53
29:36,32:25,33:45,31:30,06:58,26:35,35:52,38:29,40:06,15:24
32:19,31:55,33:04,33:17,07:11,25:52,33:24,36:36,36:27,15:39
31:47,31:27,32:22,32:48,07:10,26:47,35:09,35:48,35:39,13:33
30:35,30:04,30:56,31:38,06:51,32:04,37:00,42:53,42:53,17:31
26:05,27:03,28:15,28:32,06:23,25:53,35:39,39:12,39:22,15:18
22:36,23:16,23:44,24:35,05:28,19:55,26:47,28:05,29:59,12:57
29:45,30:10,30:31,31:03,06:33,24:19,31:38,32:45,33:21,13:51
28:57,29:20,29:01,29:55,06:39,26:00,35:29,36:53,36:49,15:52
20:12,20:08,20:27,21:13,04:36,16:54,22:28,23:45,25:42,11:45
-,-,-,-,-,-,-,-,-,-
24:43,25:31,25:50,26:45,05:52,21:31,29:33,31:49,33:44,13:15
20:12,20:08,20:27,21:13,04:36,16:53,22:25,23:18,23:58,10:36
-,-,-,-,-,-,-,-,-,-
32:03,33:33,33:54,33:46,07:12,27:13,36:54,38:43,35:27,14:54
-,-,-,-,-,-,-,-,-,-
-,-,-,-,-,-,-,-,-,-
32:24,31:39,32:00,31:45,07:12,25:41,35:04,37:25,43:07,15:21
27:50,27:15,27:18,27:51,06:06,22:49,29:55,40:10,35:02,14:32
29:44,31:17,32:50,34:29,07:58,34:51,44:11,47:46,39:47,18:23
22:24,22:50,23:19,23:01,04:59,17:49,23:06,23:19,23:35,10:03
27:42,27:19,27:09,27:08,06:00,21:25,28:14,29:15,28:37,12:14
-,-,-,-,-,-,-,-,-,-
22:10,22:05,22:17,22:14,04:47,17:23,22:24,22:18,22:46,10:01
25:03,24:54,25:55,25:51,05:43,20:37,31:20,32:14,31:34,13:34
-,-,-,-,-,-,-,-,-,-
22:50,23:39,23:50,24:46,05:34,20:50,30:07,32:53,33:33,14:02
20:27,20:53,20:55,21:03,04:35,16:40,20:56,21:35,22:05,09:38
21:27,21:32,22:06,22:31,04:53,17:55,35:03,34:06,33:43,12:28
-,-,-,-,-,-,-,-,-,-
26:21,26:26,26:25,26:30,05:43,20:37,26:31,26:47,26:51,11:37
26:02,26:41,26:44,26:47,05:45,20:50,26:45,26:48,26:51,11:40
30:16,30:31,31:10,34:37,06:41,24:27,33:22,33:52,35:07,15:54
33:02,32:45,34:19,34:47,07:42,28:01,36:33,40:55,35:15,15:05
23:18,23:20,23:01,23:07,05:01,17:56,23:35,24:09,25:10,11:02
31:21,32:03,32:28,33:00,07:20,27:33,35:11,36:43,35:34,15:46
26:41,27:01,28:58,29:09,06:23,23:50,31:51,38:18,38:01,14:30
-,-,-,-,-,-,-,-,-,-
33:27,35:18,37:15,39:13,-,-,-,-,-,-
28:56,29:37,29:57,30:28,06:38,24:22,31:37,34:40,36:41,14:40
31:01,32:26,33:59,33:27,07:31,26:10,34:20,34:52,35:28,15:50
25:33,25:27,25:29,25:21,05:29,19:47,25:49,25:54,26:49,11:20
26:51,27:08,27:15,27:44,06:07,22:02,28:12,30:45,30:46,12:26
-,-,-,-,-,-,-,-,-,-
28:09,28:14,28:10,28:00,06:00,22:00,27:35,27:48,27:23,11:56
27:32,27:57,27:50,29:30,06:05,22:11,28:38,28:40,28:17,11:50
24:58,26:43,27:39,28:22,05:59,22:06,29:10,29:51,32:06,14:13
35:27,34:53,34:50,36:03,07:58,29:00,38:48,45:05,48:47,17:52
21:28,21:53,22:03,22:06,04:50,17:33,23:06,25:04,26:17,11:00
26:41,27:03,26:57,27:01,05:57,21:50,27:46,29:27,29:47,12:46
39:26,42:04,43:40,50:13,09:54,36:13,49:46,50:14,49:44,22:09
30:05,30:01,30:30,31:22,06:39,24:54,32:37,33:07,32:45,13:00
41:49,45:48,47:36,49:39,10:49,40:55,52:54,54:04,53:29,23:29
-,-,-,-,-,-,-,-,-,-
29:22,29:52,31:01,30:42,06:41,27:02,32:42,37:54,38:07,16:03
26:30,27:11,26:34,26:28,05:44,20:53,26:23,26:36,25:08,10:38
20:18,20:24,20:16,20:21,04:19,15:33,19:57,20:15,20:53,09:15
21:10,21:04,21:15,21:26,04:37,16:38,22:01,22:48,25:26,10:15
-,-,-,-,-,-,-,-,-,-
-,-,-,-,-,-,-,-,-,-
28:08,28:24,29:14,29:36,06:29,24:31,33:14,37:23,38:14,16:02
33:13,33:18,35:34,36:25,08:31,31:25,40:38,46:15,49:27,21:24
34:30,34:29,38:04,39:49,10:29,34:07,46:52,47:06,45:52,19:22
24:56,25:11,25:28,25:47,05:35,20:31,26:45,27:15,27:44,11:51
31:03,33:25,35:31,36:45,08:04,34:03,43:23,45:48,47:40,18:34
24:48,25:01,25:20,25:28,05:33,20:20,26:11,27:00,26:22,11:05
28:47,30:01,31:40,32:37,07:19,31:23,38:01,40:19,40:14,17:11
38:34,46:12,39:26,54:05,09:38,44:50,49:09,53:06,55:31,24:40
33:40,41:06,38:55,48:10,08:55,36:16,47:52,51:27,52:54,22:11
28:22,29:30,31:03,32:24,07:13,26:15,34:39,36:11,35:56,18:13
33:34,32:32,36:44,41:09,10:40,38:21,50:53,49:18,47:39,17:40
28:24,29:01,28:59,29:47,06:29,23:57,32:00,34:22,34:01,13:45
32:17,32:31,33:33,43:54,07:27,30:57,39:44,37:49,37:18,16:51
29:56,30:07,30:56,31:25,06:38,24:32,31:42,32:35,34:32,14:55
38:20,34:10,35:18,35:19,07:57,28:35,35:57,36:42,36:30,15:10
-,-,-,-,-,-,-,-,-,-
27:02,26:24,26:35,26:53,05:41,20:37,27:27,31:27,35:43,15:23
28:17,28:15,28:20,28:15,06:17,22:30,28:04,28:41,28:56,11:55
26:20,26:33,26:37,25:47,05:29,19:50,25:20,25:26,25:11,11:28
25:46,24:51,26:08,27:30,05:47,21:38,29:04,29:41,29:12,12:18
22:46,23:06,23:20,23:14,05:01,18:11,23:33,24:02,24:46,11:10
34:07,34:59,35:47,43:27,07:58,30:14,38:49,44:32,46:47,17:20
21:22,22:14,23:08,24:00,05:03,19:18,25:17,25:31,26:56,11:02
20:43,20:45,21:01,20:54,04:30,16:05,20:34,20:43,20:50,08:57
29:27,29:53,30:06,29:53,06:28,23:24,30:04,30:34,33:54,14:05
33:39,33:05,34:24,34:19,07:25,27:11,34:24,37:50,37:40,16:35
27:26,27:24,27:47,28:48,06:16,23:21,31:16,33:02,31:34,14:33
33:17,34:15,36:28,43:28,08:21,29:40,41:06,41:49,38:09,16:07
32:54,34:28,40:27,40:12,09:54,35:52,52:17,57:14,50:14,18:02
36:53,37:13,40:07,39:54,09:23,37:17,45:15,45:03,45:50,19:36
30:20,31:35,32:09,32:52,06:52,25:43,34:44,37:14,39:24,16:57
37:38,36:07,36:37,40:01,08:40,32:48,45:06,48:24,47:24,19:29
34:59,34:28,36:08,37:16,08:05,32:37,43:37,47:45,46:54,19:01
31:19,31:34,31:35,31:39,06:51,25:46,34:09,36:17,37:07,15:30
26:25,26:19,26:23,26:34,05:48,20:58,27:04,28:25,28:12,12:13
29:18,30:43,30:57,30:23,06:40,25:46,33:14,36:30,34:35,14:33
23:45,23:30,23:24,23:48,05:07,18:14,23:14,24:06,24:25,10:57
30:04,29:49,30:47,30:36,06:27,23:48,31:32,35:08,28:32,11:13
20:07,20:14,20:20,19:53,04:17,15:35,20:07,20:30,20:45,09:47
27:55,29:03,28:28,30:23,07:26,28:00,36:48,37:26,36:05,14:33
27:53,27:41,27:59,28:46,06:22,24:38,38:50,46:13,47:33,14:35
19:03,19:23,19:16,19:26,04:12,15:15,19:48,20:04,20:52,09:18
-,-,-,-,-,-,-,-,-,-
22:54,22:57,23:23,23:21,05:04,18:15,23:49,24:09,24:33,11:31
20:16,20:32,21:09,21:18,04:35,16:34,25:31,32:58,32:33,13:00
-,-,-,-,-,-,-,-,-,-
22:09,22:27,22:28,22:34,04:54,17:41,22:23,22:38,22:28,09:46
25:52,26:39,26:35,27:06,05:54,21:55,41:28,47:41,47:53,18:26
21:09,21:23,21:26,21:20,04:36,16:34,21:28,21:52,22:42,10:17
28:08,28:31,29:28,28:27,06:17,22:07,29:23,29:54,25:02,11:11
32:25,31:37,46:27,32:06,07:05,25:39,47:53,33:57,35:55,15:54
28:08,29:05,29:11,29:38,07:51,23:28,32:24,34:37,33:54,13:29
26:25,26:33,26:54,27:20,05:58,21:33,28:56,32:22,33:09,14:10
32:51,41:42,39:11,43:11,09:25,50:40,48:40,54:32,01:04:43,29:02
26:59,27:27,28:11,28:06,06:04,22:03,28:21,29:03,33:05,13:28
-,-,-,-,-,-,-,-,-,-
26:02,26:40,26:28,26:34,05:46,20:47,27:14,26:45,26:23,11:46
21:24,21:33,22:09,22:39,05:02,19:21,-,-,-,-
20:34,20:40,20:46,20:44,04:33,-,-,-,-,-
28:47,28:43,29:42,29:36,06:29,23:58,29:52,30:47,30:37,13:44
29:36,29:54,29:54,30:08,06:22,23:31,30:17,31:06,31:54,13:26
26:33,26:49,27:42,26:52,05:48,21:17,27:13,27:48,27:14,11:37
24:56,24:55,25:07,24:48,05:22,19:15,25:11,25:18,26:04,11:59
29:53,30:22,32:03,32:43,07:04,26:41,37:04,40:41,41:15,17:33
36:07,35:06,36:07,38:29,07:48,29:15,38:32,40:44,41:07,18:49
20:27,20:59,21:36,22:07,04:58,17:51,23:21,24:02,24:38,10:48
25:18,24:56,25:15,25:31,05:34,20:12,26:24,29:04,29:06,11:49
25:40,25:16,26:26,26:02,05:41,20:41,28:06,31:00,37:20,12:15
30:35,30:17,29:21,29:19,06:28,24:03,32:11,33:23,33:21,14:19
35:49,34:35,34:23,35:24,07:52,28:47,39:03,39:44,41:52,16:31
34:55,33:29,34:31,35:01,07:44,30:11,41:18,43:08,43:40,19:23
32:17,33:25,32:49,33:24,07:08,26:25,34:24,36:06,39:34,17:02
35:11,43:14,40:25,50:37,08:34,44:58,46:54,44:22,42:03,18:29
32:33,32:12,33:39,35:12,07:12,27:54,34:15,35:38,34:11,13:23
21:38,22:08,22:22,22:16,04:55,17:48,23:37,28:03,32:41,11:36
32:17,32:31,34:17,35:23,07:38,31:55,37:16,43:06,43:51,16:44
30:32,30:33,30:58,31:15,06:53,26:16,35:51,39:35,34:59,14:38
34:32,34:12,33:44,34:24,07:29,27:52,36:58,43:00,42:41,16:27
28:39,33:18,33:34,35:09,08:08,31:40,46:47,49:24,51:20,19:55
29:00,29:20,29:36,29:29,06:25,23:15,29:43,30:14,30:15,12:52
-,-,-,-,-,-,-,-,-,-
30:34,32:16,33:54,34:08,07:28,28:21,37:32,39:41,43:33,15:01
37:36,37:42,42:48,44:12,09:15,37:07,49:01,48:58,49:43,17:12
26:55,26:52,26:47,26:48,05:51,21:15,27:45,33:04,36:55,15:45
22:33,21:39,21:54,22:08,04:51,17:37,22:57,24:56,25:14,11:41
26:29,27:10,27:40,28:08,06:11,22:57,29:34,29:50,29:19,11:42
35:59,43:30,39:43,43:50,09:24,37:31,47:07,48:30,45:08,19:24
20:36,20:40,20:58,20:48,04:33,16:24,21:21,22:28,32:54,12:31
19:52,19:35,19:20,19:22,04:13,15:08,19:26,19:13,20:32,09:27
34:31,34:51,36:42,38:52,08:34,31:18,45:34,39:41,40:41,15:44
33:51,33:22,32:21,34:43,07:25,29:38,39:11,39:03,38:35,14:23
-,-,-,-,-,-,-,-,-,-
30:36,30:55,31:24,31:51,06:53,26:36,38:11,42:38,48:08,15:15
-,-,-,-,-,-,-,-,-,-
-,-,-,-,-,-,-,-,-,-
32:32,30:49,32:41,33:11,07:22,27:22,35:18,42:57,39:16,17:20
-,-,-,-,-,-,-,-,-,-
25:52,26:14,26:16,25:59,05:46,21:23,27:22,30:27,32:06,12:51
24:38,25:09,25:15,25:12,05:17,19:25,25:39,25:51,26:58,11:45
32:44,31:39,32:18,33:02,07:12,26:19,33:53,34:51,34:53,15:16
22:44,23:20,23:21,22:47,04:54,17:52,22:47,24:45,25:41,10:54
27:31,28:29,29:49,32:07,07:53,30:24,45:36,50:52,49:51,18:40
42:53,52:36,48:50,53:15,11:58,40:48,59:04,01:03:59,-,-
28:35,28:42,29:14,29:12,06:17,23:40,31:42,33:36,34:34,14:46
24:16,24:55,25:22,25:05,05:25,19:36,24:58,25:04,25:10,10:56
33:54,34:07,35:28,36:55,08:54,34:13,50:13,50:27,50:21,22:05
34:35,37:20,42:22,49:07,09:34,40:43,01:01:35,52:30,55:47,18:55
29:58,30:00,29:55,30:38,06:37,24:04,30:58,31:19,31:17,13:23
30:46,31:21,33:20,52:11,12:01,41:07,52:49,51:25,52:18,23:37
31:55,33:08,34:24,34:33,07:33,27:24,37:49,40:20,41:34,18:26
33:34,31:54,33:36,33:34,07:04,26:26,33:47,34:18,33:42,14:20
27:14,27:21,29:31,30:16,06:23,25:21,32:05,33:33,33:11,14:20
33:01,32:18,34:00,36:24,08:50,32:57,45:39,43:43,44:02,18:36
34:31,33:58,34:17,34:44,07:31,27:49,37:21,34:52,35:25,14:31
-,-,-,-,-,-,-,-,-,-
30:49,34:03,36:33,38:44,07:58,31:24,39:29,40:00,41:19,19:03
-,-,-,-,-,-,-,-,-,-
-,-,-,-,-,-,-,-,-,-
26:21,27:32,27:40,27:41,05:58,22:51,28:32,32:17,35:24,15:30
24:01,23:17,22:52,23:05,05:02,18:10,23:38,24:40,25:29,11:24
23:41,23:26,23:55,23:40,05:09,18:43,25:04,25:37,27:22,12:03
26:21,26:43,27:01,28:27,05:57,21:26,27:39,29:59,27:29,11:36
31:18,31:37,32:21,32:34,07:06,25:10,38:45,39:27,33:43,14:24
17:38,18:02,18:12,19:34,03:55,14:36,19:01,19:10,19:06,08:08
23:49,24:37,25:02,25:18,05:27,19:38,27:14,32:08,29:14,12:56
28:53,30:03,29:36,32:38,06:33,27:04,49:51,47:06,45:21,19:46
29:49,30:17,30:48,32:44,07:35,29:26,38:41,43:36,40:20,15:03
-,-,-,-,-,-,-,-,-,-
34:20,37:21,35:09,35:14,07:33,25:58,35:28,38:06,37:30,15:20
-,-,-,-,-,-,-,-,-,-
31:33,32:32,34:50,36:53,07:55,29:31,38:35,40:09,40:22,16:19
33:57,33:25,35:12,36:34,08:24,30:31,41:08,44:32,42:37,17:07
-,-,-,-,-,-,-,-,-,-
30:00,30:07,30:32,29:49,06:29,24:54,31:57,39:33,36:33,16:47
30:29,37:15,31:08,34:30,07:21,27:58,01:27:58,39:44,51:07,16:12
31:55,29:39,32:05,34:30,07:04,26:51,37:22,44:42,38:52,17:16
34:49,36:41,34:18,34:08,07:21,27:27,36:17,37:01,35:53,14:02
30:48,31:08,31:22,31:58,06:51,25:43,33:10,34:55,34:43,15:15
-,-,-,-,-,-,-,-,-,-
-,-,-,-,-,-,-,-,-,-
24:02,24:39,24:41,24:29,05:07,18:45,24:25,24:52,26:06,11:03
22:58,22:58,23:06,22:37,04:56,17:43,22:55,22:56,22:56,10:01
29:54,31:27,31:31,32:02,07:26,30:24,41:43,41:18,48:37,18:42
22:22,22:44,22:51,22:48,04:57,17:57,23:09,23:41,24:39,10:52
26:34,26:48,26:52,26:48,05:51,20:45,27:19,29:05,27:55,11:53
30:06,30:52,31:48,32:45,07:08,28:40,36:27,44:50,44:02,19:00
30:24,30:56,31:21,31:37,06:50,29:06,39:28,47:01,44:12,17:42
20:58,20:48,21:09,20:54,04:33,16:32,21:26,22:09,23:49,11:03
26:11,28:30,29:12,32:41,07:23,30:02,41:29,44:49,40:20,17:43
30:52,30:20,31:14,31:29,06:50,25:22,30:29,31:41,29:51,12:45
-,-,-,-,-,-,-,-,-,-
21:06,21:11,21:19,21:23,04:36,16:33,21:16,21:29,21:12,09:04
30:28,33:29,37:18,39:44,09:20,36:53,55:23,46:29,47:54,18:00
35:59,34:49,35:33,35:24,07:44,28:01,35:44,36:57,36:10,16:14
-,-,-,-,-,-,-,-,-,-
31:25,31:56,32:27,32:09,07:06,27:11,33:01,34:23,34:20,14:40
24:42,24:03,23:58,25:14,05:19,18:58,25:14,25:47,26:37,11:33
34:15,34:56,36:06,38:30,08:40,44:14,39:51,43:02,40:39,21:03
-,-,-,-,-,-,-,-,-,-
32:43,33:12,35:06,42:44,08:49,36:22,43:35,43:33,44:42,17:04
30:36,32:11,32:28,31:34,06:57,25:26,32:09,32:16,32:43,14:37
-,-,-,-,-,-,-,-,-,-
27:44,27:30,29:08,30:44,06:24,25:15,35:29,36:39,36:54,16:14
-,-,-,-,-,-,-,-,-,-
28:20,28:47,28:52,29:00,06:17,22:27,28:56,29:00,28:25,12:11
26:16,26:36,26:18,26:32,05:42,20:38,26:21,26:58,27:55,12:09
27:31,27:11,27:28,28:50,05:52,21:54,29:31,31:16,33:23,14:41
23:11,24:11,23:52,24:06,05:06,18:14,23:41,24:39,25:24,11:12
31:59,31:57,31:27,31:43,06:57,25:03,32:01,32:47,33:56,13:04
35:13,35:06,34:14,35:19,07:37,31:24,41:14,41:51,44:05,-
20:50,21:00,21:09,21:05,04:36,16:31,22:42,26:41,27:48,11:56
27:44,28:50,28:45,28:57,06:23,23:18,31:41,33:27,34:45,14:55
-,-,-,-,-,-,-,-,-,-
26:06,25:36,26:10,26:30,05:46,21:19,28:41,30:43,31:59,13:27
33:36,34:57,43:12,44:02,11:03,36:15,46:58,48:15,45:40,19:15
33:07,32:56,33:37,34:48,07:12,37:09,32:58,34:58,35:44,15:28
22:26,22:33,22:17,22:17,04:48,17:20,22:03,22:14,22:01,09:10
23:34,23:46,24:24,24:13,05:20,19:13,24:37,25:09,25:36,10:51
-,-,-,-,-,-,-,-,-,-
25:20,25:59,27:37,28:03,06:16,25:30,33:02,39:14,35:48,14:20
33:05,32:04,32:58,33:34,07:15,27:01,37:40,38:12,36:42,15:15
28:53,28:54,29:59,30:13,06:45,26:43,37:18,44:25,46:09,18:19
-,-,-,-,-,-,-,-,-,-
25:25,26:04,26:19,26:17,05:39,20:18,26:20,26:01,26:53,12:04
21:07,21:57,22:35,23:07,05:14,19:26,27:31,28:08,28:10,11:55
27:45,28:07,29:10,32:03,06:33,23:43,31:24,36:04,37:06,14:21
26:00,26:53,26:51,26:53,05:53,21:09,28:08,33:58,35:46,13:04
-,-,-,-,-,-,-,-,-,-
32:12,33:40,33:39,34:49,07:21,30:07,40:13,40:04,37:49,14:16
26:21,26:34,26:21,26:42,05:45,21:07,27:49,32:14,34:59,12:33
31:56,32:49,34:13,36:44,07:44,33:09,41:52,41:59,42:39,17:04
24:48,25:10,25:24,25:41,05:36,21:16,28:33,30:07,35:21,13:52
-,-,-,-,-,-,-,-,-,-
-,-,-,-,-,-,-,-,-,-
37:26,40:31,43:02,50:11,09:19,37:09,48:11,50:59,48:34,21:47
32:48,33:58,33:33,33:46,07:14,26:27,34:38,37:33,36:58,16:15
-,-,-,-,-,-,-,-,-,-
27:57,28:01,28:57,28:56,06:25,25:17,35:20,40:32,39:06,14:21
-,-,-,-,-,-,-,-,-,-
-,-,-,-,-,-,-,-,-,-
29:54,31:28,31:31,32:01,07:26,30:25,41:42,41:18,48:37,18:42
33:15,32:29,33:48,34:41,07:27,28:56,37:39,39:15,38:44,16:32
49:56,-,-,49:24,10:41,39:01,48:48,49:51,51:30,21:54
28:02,28:31,28:29,28:29,06:09,22:15,29:57,31:06,32:26,13:31
30:11,29:13,-,-,-,-,-,-,-,-
19:49,19:56,20:08,20:01,04:22,15:38,20:12,20:58,21:39,09:45
28:41,28:50,28:30,28:29,06:11,22:36,31:13,38:21,44:39,24:15
32:35,33:07,34:47,36:16,07:59,31:31,48:13,42:09,40:08,17:43
34:26,37:21,41:01,43:24,09:50,37:35,49:44,50:10,49:25,21:23
27:46,28:52,28:23,28:24,06:08,22:59,29:59,32:48,32:54,13:41
26:54,26:46,31:33,28:47,06:07,21:26,28:28,31:24,32:51,15:32
25:26,24:50,25:00,25:05,05:29,19:51,26:01,26:44,27:45,12:19
34:53,35:31,36:01,37:15,08:09,30:48,41:20,43:08,43:22,17:34
25:40,26:11,27:30,28:53,05:53,22:38,31:51,30:08,30:59,12:02
32:44,33:50,35:23,37:28,07:58,32:12,43:01,46:23,47:20,18:49
29:34,29:53,29:53,30:19,06:30,24:23,29:46,30:32,33:40,12:53
27:46,28:18,28:48,29:31,06:39,24:43,32:38,32:25,32:48,14:08
25:41,25:26,25:22,26:08,05:36,20:04,26:31,29:44,34:27,12:55
-,-,-,-,-,-,-,-,-,-
-,-,-,-,-,-,-,-,-,-
34:57,35:47,36:36,38:24,08:38,46:36,48:17,47:16,44:38,18:17
29:32,30:43,30:45,30:28,06:42,24:00,31:05,32:45,35:29,14:30
30:34,31:22,31:11,31:28,06:54,28:55,33:01,35:52,36:56,15:47
29:18,29:15,29:34,29:48,06:25,23:33,30:49,34:09,33:48,15:22
24:41,25:39,25:25,25:22,05:34,20:13,26:08,27:29,30:02,16:31
31:56,32:23,33:09,35:09,09:29,28:52,39:51,38:54,41:43,18:42
22:09,22:29,22:30,22:22,04:45,17:07,21:46,22:00,22:11,09:50
-,-,-,-,-,-,-,-,-,-
28:49,29:08,29:31,30:44,06:39,24:33,32:50,39:46,40:49,14:43
33:25,30:51,29:59,30:56,06:43,24:12,29:59,31:30,30:13,12:25
-,-,-,-,-,-,-,-,-,-
26:57,27:24,27:28,27:13,05:55,20:45,26:32,27:52,27:52,12:08
-,-,-,-,-,-,-,-,-,-
29:39,31:03,31:47,31:35,07:03,26:40,35:39,39:26,40:18,16:43
31:23,37:00,36:44,39:49,08:46,-,-,-,-,-
27:02,27:34,29:04,28:32,06:16,23:34,33:25,36:05,39:01,15:08
32:53,37:44,41:51,43:46,09:34,33:57,44:45,47:37,47:52,19:27
34:12,32:33,33:58,35:15,07:40,27:45,36:17,39:02,41:10,17:11
28:14,28:12,28:58,30:17,06:45,25:46,37:47,38:15,40:55,16:07
35:12,36:11,38:00,39:46,08:13,32:48,43:38,44:30,43:32,17:00
19:42,19:46,19:36,19:38,04:15,15:09,19:42,19:58,20:06,08:22
32:37,34:01,35:47,38:49,08:42,33:33,44:15,46:42,45:00,18:13
-,-,-,-,-,-,-,-,-,-
24:58,24:53,25:41,26:05,05:30,20:09,26:34,27:32,27:54,12:04
37:14,35:57,35:55,35:46,07:49,28:44,35:18,35:38,35:44,15:08
26:35,26:58,27:32,28:30,06:22,24:23,34:14,41:19,40:38,15:03
26:49,27:28,27:45,27:33,05:56,21:52,28:04,29:34,29:31,12:22
25:31,24:34,24:37,24:36,05:23,19:40,27:40,32:03,32:27,14:51
34:13,34:21,42:26,37:05,07:50,35:13,41:27,41:21,44:10,19:57
34:33,38:31,40:46,41:54,09:22,35:03,46:12,48:59,45:26,18:46
28:06,29:14,29:56,29:53,06:44,27:46,33:16,34:57,34:18,13:49
30:13,30:26,31:33,32:44,06:48,26:17,34:23,36:05,39:33,15:14
23:53,22:58,23:06,22:56,05:05,18:40,24:29,24:35,24:57,10:24
21:31,21:20,21:43,21:59,04:49,17:17,22:43,23:34,24:38,11:10
41:02,41:56,01:02:58,51:44,09:31,39:06,52:02,53:52,55:13,22:45
-,-,-,-,-,-,-,-,-,-
24:16,24:34,24:59,24:52,05:23,19:05,24:47,24:53,24:41,10:50
25:48,26:32,25:30,25:55,05:35,20:30,25:54,26:41,30:53,12:55
26:53,26:46,26:58,26:41,05:48,20:56,27:49,29:00,30:33,13:02
37:48,42:38,47:47,49:51,09:51,44:48,52:45,49:45,51:02,19:36
32:02,30:30,31:43,31:01,06:55,25:49,32:04,32:20,34:04,13:02
37:02,32:20,32:43,33:31,07:26,27:25,40:31,43:10,39:44,14:59
23:51,23:39,24:07,24:35,05:18,19:25,26:22,27:34,28:03,12:17
26:29,26:14,27:50,28:14,06:10,26:05,33:42,38:39,38:55,15:52
-,-,-,-,-,-,-,-,-,-
27:10,26:59,27:30,27:28,06:00,21:26,27:32,28:52,43:40,12:56
36:46,37:54,40:57,38:03,08:30,31:14,40:16,41:40,41:28,17:23
26:43,26:17,27:06,27:32,05:57,22:10,29:36,31:09,31:32,14:09
25:26,24:46,24:39,24:31,05:12,18:52,24:18,25:18,25:49,12:12
19:33,20:04,20:00,19:54,04:20,15:29,19:53,20:29,21:07,09:05
37:33,34:45,34:29,35:27,07:44,29:07,40:46,44:32,44:18,17:07
31:09,31:18,30:50,30:56,06:44,24:43,30:16,33:01,33:44,14:05
-,-,-,-,-,-,-,-,-,-
26:54,27:54,28:01,26:58,05:52,21:09,26:54,26:31,26:26,11:45
32:16,33:10,33:28,35:15,07:43,26:51,39:48,37:46,37:38,14:59
28:26,28:51,30:33,32:05,06:54,25:46,35:14,37:48,38:37,15:53
30:11,31:06,30:16,31:14,06:45,24:24,32:17,34:03,38:41,15:08
21:41,21:21,21:33,21:19,04:36,16:35,21:32,22:16,22:59,09:50
25:01,25:22,25:14,25:13,05:25,19:49,26:17,27:27,28:26,12:12
23:36,23:18,23:43,23:08,05:00,18:12,22:39,23:43,23:36,11:03
-,-,-,-,-,-,-,-,-,-
25:37,25:32,25:33,25:38,05:29,22:46,26:09,27:14,29:49,12:56
47:16,46:11,49:09,52:22,10:59,39:42,50:51,52:30,57:00,23:34
30:45,29:54,29:45,30:11,06:32,23:42,31:03,32:21,32:54,14:47
-,-,-,-,-,-,-,-,-,-
32:44,34:12,35:27,36:02,07:57,30:08,39:17,50:23,47:14,18:45
26:08,26:10,26:26,26:31,05:45,21:13,28:39,32:03,32:53,16:23
29:51,30:59,31:01,30:21,06:13,23:54,30:43,31:22,31:07,13:22
30:49,31:11,31:20,31:58,06:50,25:43,33:10,34:54,34:44,15:15
26:38,26:37,27:52,29:07,06:17,24:08,33:19,34:41,36:15,15:30
29:03,29:54,30:39,31:00,06:47,25:16,35:39,40:33,37:36,18:05
40:40,35:47,38:09,39:49,08:01,32:42,42:41,43:52,43:31,17:54
36:40,36:32,39:19,44:24,09:17,36:27,47:38,52:40,56:15,22:26
27:36,27:52,28:03,27:29,05:43,21:37,29:08,30:16,30:00,12:12
28:23,29:09,30:16,34:55,06:48,27:09,38:14,43:07,39:49,15:55
23:25,23:16,23:27,23:33,05:08,18:27,24:05,25:01,26:22,11:44
35:44,38:24,43:20,44:21,09:54,36:56,49:10,48:56,52:23,18:18
22:36,23:37,23:22,23:53,05:03,18:39,24:15,24:32,24:37,10:46
22:16,21:59,22:20,23:29,04:51,17:48,23:07,23:48,24:19,10:38
30:42,31:24,32:47,32:55,06:53,26:25,34:32,34:38,31:53,13:29
41:38,45:04,46:44,48:12,10:17,39:54,54:52,52:52,54:41,21:15
31:47,33:04,33:55,34:00,07:21,26:07,33:22,33:00,33:09,13:53
32:35,31:57,34:03,33:42,07:48,26:54,47:25,40:14,40:51,17:19
18:18,18:39,18:38,18:42,04:01,15:01,21:01,19:52,20:20,09:16
30:37,32:01,31:45,32:38,07:03,27:32,34:15,37:13,35:41,15:59
25:38,25:59,26:39,27:00,05:54,22:08,30:50,30:11,33:04,12:25
26:49,26:53,27:04,27:29,06:11,22:46,32:54,37:34,34:26,14:02
27:56,27:44,27:09,27:12,05:41,20:56,26:34,27:52,30:02,15:13
33:18,33:00,33:10,33:46,07:20,26:51,34:21,35:28,34:48,15:14
29:26,29:35,30:50,30:28,06:26,23:46,31:15,34:23,33:03,13:49
31:54,31:45,32:20,32:49,07:12,27:37,38:24,39:45,36:25,14:15
32:52,33:38,34:24,34:32,07:46,28:43,43:03,42:02,42:23,18:59
34:55,35:01,36:03,46:56,09:21,40:27,01:11:16,59:09,44:25,15:55
20:36,21:00,21:13,21:16,04:39,17:09,23:46,27:19,27:17,12:12
25:41,26:36,26:20,26:11,05:44,21:30,26:49,28:00,28:31,11:32
25:36,26:23,26:36,26:07,05:41,20:41,26:45,28:03,27:46,11:26
19:16,19:16,19:30,19:42,04:26,15:58,20:48,21:09,21:47,09:16
17:52,18:03,18:40,19:19,04:11,15:31,23:38,25:06,26:21,12:47
23:07,23:23,23:19,23:23,05:03,18:11,23:23,23:34,23:39,09:37
31:39,32:52,34:40,37:07,07:46,29:38,38:48,41:28,39:35,17:03
21:44,21:28,21:28,21:28,04:37,16:43,21:28,23:16,26:29,12:06
19:59,20:11,19:52,19:49,04:18,15:47,20:07,20:29,20:09,08:48
28:30,29:15,31:06,30:38,07:06,25:04,32:18,37:00,37:10,14:13
29:50,31:23,33:27,33:28,07:26,26:32,35:32,37:47,38:37,15:56
33:02,34:10,36:08,35:50,07:36,28:07,36:24,38:56,38:31,16:02
24:20,23:53,24:04,24:08,05:10,19:12,24:49,26:26,27:03,11:29
34:04,31:56,31:48,32:30,07:03,26:03,34:14,34:23,34:49,14:31
23:51,25:03,25:34,25:30,05:34,20:46,27:21,28:20,29:06,12:32
26:04,26:39,27:42,27:03,05:54,22:16,27:55,29:17,29:32,12:23
35:22,35:54,38:00,38:14,08:08,34:58,43:46,44:29,42:49,17:35
22:03,22:10,22:25,22:14,04:52,17:31,22:47,23:36,25:26,10:50
21:11,21:53,22:15,23:03,04:59,18:11,24:06,24:42,24:50,10:30
24:31,25:26,25:57,25:48,05:32,20:27,27:14,30:08,34:08,16:50
27:05,26:39,26:21,26:47,05:43,20:52,25:25,26:56,27:24,11:30
40:13,42:55,45:12,45:44,09:57,36:50,49:41,50:31,46:44,19:26
37:37,37:41,42:48,44:13,09:15,37:06,49:04,48:55,49:43,17:12
18:23,18:35,18:35,18:41,04:01,14:47,19:38,20:28,20:31,09:27
23:34,23:08,23:22,23:17,05:03,18:21,23:32,24:27,24:43,10:26
34:52,36:32,41:06,43:08,10:44,36:08,46:58,50:55,50:23,22:24
28:21,28:42,29:02,30:06,06:33,24:13,33:19,34:59,35:45,14:12
20:22,20:35,20:52,20:33,04:24,16:07,20:34,20:23,20:26,08:47
27:00,27:28,27:43,27:40,05:58,21:30,27:51,29:00,30:12,13:48
19:58,20:09,20:11,19:58,04:16,15:29,19:52,20:32,21:30,09:14
-,-,-,-,-,-,-,-,-,-
25:50,26:01,25:51,25:49,05:45,21:05,28:39,32:30,31:35,14:02
29:01,50:57,32:25,33:51,07:25,28:38,40:26,41:25,47:16,15:21
35:39,43:54,41:04,40:21,11:35,52:00,52:56,47:29,40:54,17:14
26:44,27:29,27:50,28:38,06:20,22:58,31:39,39:56,40:35,15:59
33:24,36:08,35:53,35:38,07:41,27:58,34:56,36:09,35:49,16:02
30:21,31:35,32:24,33:05,06:58,26:25,36:39,39:58,39:48,16:00
31:01,32:19,31:53,32:10,06:59,25:03,32:30,33:56,33:31,14:43
28:00,28:14,28:14,28:10,06:07,21:54,27:54,28:27,29:34,13:15
24:24,23:45,24:09,24:19,05:15,19:13,24:42,25:03,26:02,11:11
-,-,-,-,-,-,-,-,-,-
24:52,27:00,28:37,29:42,06:20,25:46,32:05,35:49,34:10,13:43
23:54,24:13,25:27,27:38,05:58,22:54,39:16,55:32,51:42,18:43
27:35,28:43,28:48,27:41,05:51,22:01,29:04,34:07,35:01,14:49
24:22,25:27,26:23,27:19,05:45,21:57,31:25,32:43,31:04,13:03
29:01,-,-,-,-,-,-,-,-,-
31:41,33:17,33:59,43:09,07:21,29:48,41:09,40:40,41:44,16:36
34:38,34:44,34:51,35:29,07:58,31:01,48:38,55:40,51:33,21:30
33:57,34:07,34:36,39:31,07:33,30:47,37:58,40:48,41:37,16:58
32:05,32:42,33:41,34:06,07:16,27:16,35:24,36:36,36:19,15:22
20:53,21:06,21:30,21:21,04:38,16:36,21:51,22:49,23:45,10:37
27:00,26:53,27:15,27:15,05:52,21:21,27:54,28:27,29:12,12:48
34:39,34:10,35:37,46:15,07:43,32:58,41:00,43:08,40:50,17:13
27:52,27:25,27:44,27:56,06:00,21:50,28:00,28:28,27:33,11:18
32:31,32:49,34:02,34:29,07:37,27:27,35:22,35:54,37:54,15:30
-,-,-,-,-,-,-,-,-,-
26:45,27:23,28:01,28:18,06:14,22:23,29:54,32:26,36:37,14:37
25:40,26:07,26:42,26:03,05:35,20:21,26:20,27:51,28:18,12:48
29:57,33:51,38:15,39:44,09:03,32:42,42:08,46:10,46:15,19:26
34:17,39:19,34:14,35:25,07:37,28:34,34:36,37:30,35:36,13:40
36:39,38:23,39:10,41:49,09:02,46:12,45:31,49:05,48:41,21:16
28:28,28:43,29:16,30:02,06:22,24:05,31:05,33:50,30:39,13:26
32:39,34:20,36:11,36:51,08:02,35:28,39:29,41:30,45:15,17:41
-,-,-,-,-,-,-,-,-,-
34:08,33:49,35:13,36:09,08:02,31:22,40:45,44:24,45:58,18:41
38:55,39:06,40:35,41:41,09:39,39:42,51:14,47:31,54:34,25:47
23:05,23:16,23:12,23:20,05:03,18:12,23:13,23:22,23:16,09:57
24:04,24:56,24:43,24:53,05:24,19:31,25:41,26:42,28:02,11:22
43:41,40:31,41:33,42:30,08:13,34:31,45:08,44:37,44:47,18:27
-,-,-,-,-,-,-,-,-,-
42:23,40:17,42:56,50:31,13:13,48:06,49:02,57:02,56:54,25:08
-,-,-,-,-,-,-,-,-,-
-,-,-,-,-,-,-,-,-,-
28:56,30:04,30:40,31:01,06:49,25:29,33:19,33:35,34:13,14:22
28:16,28:12,29:12,28:42,06:14,23:48,31:07,36:03,37:21,13:21
23:59,24:15,24:19,24:30,05:14,19:18,26:43,27:34,28:31,12:06
26:20,25:53,26:45,26:30,05:48,23:24,35:08,36:07,40:33,13:43
33:43,34:50,36:03,37:50,07:56,30:00,38:03,39:58,38:15,15:30
35:30,34:20,34:42,35:02,07:29,29:27,36:03,46:04,41:28,18:20
28:20,30:16,32:09,33:13,07:04,25:49,34:50,36:52,39:06,16:57
30:50,35:42,40:05,45:22,09:53,38:13,01:02:30,52:03,56:03,24:31
29:13,30:23,30:07,30:59,06:47,25:36,32:15,33:54,33:48,14:37
21:27,21:01,20:59,21:04,04:30,16:24,21:25,22:28,23:48,10:43
-,-,-,-,-,-,-,-,-,-
27:31,27:17,27:42,28:31,06:09,22:47,30:48,32:53,34:46,14:44
-,-,-,-,-,-,-,-,-,-
32:50,31:07,30:51,31:55,06:50,25:02,34:03,35:22,36:43,15:39
-,-,-,-,-,-,-,-,-,-
26:31,26:26,26:17,26:29,05:39,20:35,26:28,26:54,27:25,13:16
27:59,28:23,29:36,29:03,06:18,23:21,30:46,31:47,32:35,14:00
-,-,-,-,-,-,-,-,-,-
35:00,34:59,37:24,38:25,08:17,32:15,45:11,45:33,45:04,19:28
20:59,21:26,22:09,22:20,04:51,17:34,22:45,23:01,22:52,09:32
-,-,-,-,-,-,-,-,-,-
21:03,20:49,21:20,21:55,04:35,16:37,21:32,22:07,22:25,09:35
19:39,20:02,20:30,20:58,04:40,16:53,22:19,22:58,23:40,10:18
-,-,-,-,-,-,-,-,-,-
21:37,21:05,21:12,21:07,04:38,16:36,21:12,21:25,21:15,09:16
28:04,27:59,27:38,28:05,06:01,22:09,29:24,29:23,30:46,13:50
-,-,-,-,-,-,-,-,-,-
26:08,26:58,27:36,27:22,05:58,22:01,28:29,30:26,29:51,12:26
26:50,26:44,27:50,28:57,06:32,26:46,35:40,43:58,38:06,14:39
31:57,32:03,32:35,32:44,07:07,30:42,34:24,34:51,37:01,14:27
28:48,31:24,35:13,37:03,08:18,35:14,47:24,44:24,44:55,18:15
20:45,20:28,20:49,21:42,04:52,19:24,23:11,24:23,26:00,10:36
26:22,26:34,27:02,27:58,06:13,23:01,30:30,30:37,30:23,13:29
21:43,22:35,22:17,21:56,04:44,17:09,22:13,23:15,24:24,11:36
35:35,36:11,36:54,38:41,09:11,35:52,45:53,48:29,48:15,20:12
29:03,30:17,30:29,30:49,06:52,25:03,34:49,38:16,35:39,14:39
29:29,30:04,30:17,29:51,06:25,23:18,30:21,31:01,30:41,12:58
31:11,32:32,32:34,32:43,07:09,26:22,34:06,34:46,35:25,14:42
43:32,43:46,48:47,51:51,12:21,41:54,56:03,56:42,-,-
43:16,43:37,53:20,52:15,11:19,44:37,49:03,51:25,55:11,24:14
22:30,23:05,23:53,23:51,05:13,18:44,24:29,24:52,25:40,11:25
31:51,34:12,35:06,35:32,08:32,31:25,46:07,48:04,48:44,19:25
20:04,20:08,21:12,22:08,04:46,17:40,23:52,25:31,26:27,11:30
27:24,28:04,28:54,28:59,06:24,22:53,29:16,31:17,32:40,13:59
31:52,32:36,33:04,31:41,07:09,26:26,36:34,44:56,48:52,17:11
28:16,29:21,29:37,29:58,06:33,24:10,33:27,39:02,35:00,14:58
35:30,35:15,35:08,36:05,07:59,29:50,39:49,40:40,39:14,18:00
30:52,31:33,32:50,34:50,07:47,30:03,39:28,44:21,42:35,18:10
26:12,24:58,25:25,25:25,05:31,20:01,26:08,26:35,26:44,11:31
28:16,29:12,29:20,29:26,06:24,23:35,31:32,35:08,35:26,15:31
34:42,36:15,38:31,46:22,09:23,32:46,43:57,45:03,43:23,17:57
31:07,31:22,32:39,32:33,06:51,26:01,33:59,37:32,37:25,14:27
28:48,29:56,31:55,33:49,07:03,26:07,36:56,42:45,39:19,13:54
29:05,28:42,29:12,29:32,06:26,23:29,30:54,32:27,33:03,13:44
29:01,29:47,30:23,30:32,06:41,24:01,30:26,32:56,34:12,13:59
29:13,29:51,29:18,30:02,06:52,27:17,35:47,40:13,44:29,19:10
26:01,26:50,26:57,27:01,05:50,21:57,28:21,28:54,29:07,12:30
20:06,20:22,20:31,20:45,04:31,16:08,20:54,21:20,21:40,09:42
25:52,26:59,28:05,28:47,06:21,27:20,34:45,41:35,44:36,14:23
20:50,20:44,21:00,21:15,04:40,16:34,21:16,21:28,21:57,09:29
-,-,-,-,-,-,-,-,-,-
27:44,28:59,28:57,28:40,06:25,23:59,31:44,34:06,38:05,17:09
28:41,29:23,29:25,28:53,06:13,22:38,30:09,32:42,33:54,14:19
24:28,24:42,24:48,24:37,05:25,19:29,25:00,25:30,26:03,12:30
30:02,29:43,31:47,41:15,09:33,37:33,49:30,47:14,50:14,23:05
32:37,33:51,35:16,38:41,09:13,36:04,48:57,45:11,45:54,18:59
32:36,33:52,35:14,38:42,09:14,36:04,48:55,45:11,45:51,19:03
26:58,26:53,27:14,27:21,05:48,21:34,27:41,33:49,34:05,18:27
28:41,29:23,29:25,28:53,06:13,22:39,30:08,32:42,33:55,14:18
-,-,-,-,-,-,-,-,-,-
25:54,25:11,25:38,25:51,05:43,21:41,29:06,32:16,31:58,15:04
19:55,20:30,21:26,22:07,04:43,17:35,23:25,24:24,24:20,09:37
30:30,30:08,31:09,31:26,06:49,25:03,33:16,35:15,32:55,13:59
29:38,30:52,31:17,31:37,06:48,24:39,31:27,33:33,32:23,14:09
18:19,18:16,18:43,19:06,04:11,15:51,20:09,20:40,21:02,09:06
33:25,35:54,38:44,40:59,07:45,33:00,44:43,45:16,43:42,18:55
26:27,26:56,27:33,27:49,06:04,22:16,28:34,29:05,29:42,13:06
31:03,32:12,34:11,34:58,07:23,27:18,36:11,37:35,38:59,14:45
-,-,-,-,-,-,-,-,-,-
34:58,35:03,38:26,40:07,08:13,45:11,40:37,44:18,45:23,18:28
29:24,30:56,32:37,33:40,07:24,29:49,39:36,42:56,41:48,16:35
34:31,35:33,34:50,34:58,07:30,27:35,46:46,52:12,52:15,17:23
25:04,24:39,24:55,24:52,05:23,19:50,25:41,27:14,29:00,12:43
24:18,24:42,25:52,25:14,05:24,19:39,26:01,28:42,30:17,12:30
23:53,22:07,22:39,23:15,05:03,18:21,26:57,29:14,26:34,11:09
26:46,27:36,28:10,29:08,06:32,26:29,57:59,44:12,35:54,15:03
25:54,26:03,25:57,26:21,05:47,20:46,28:02,29:02,30:44,13:39
-,-,-,-,-,-,-,-,-,-
31:44,30:54,31:42,32:56,07:06,26:20,34:56,36:08,36:03,16:05
34:54,33:15,36:04,39:28,07:33,42:02,42:02,44:38,47:05,20:08
23:46,23:08,23:18,23:50,05:24,19:37,27:03,29:20,29:50,12:51
28:41,29:10,29:48,30:08,06:30,24:18,32:59,34:47,35:08,15:25
28:57,28:46,29:13,30:24,06:23,23:44,31:25,32:17,32:36,13:30
33:00,32:30,32:57,35:29,07:29,30:06,38:42,42:02,38:41,15:45
-,-,-,-,-,-,-,-,-,-
20:54,21:02,21:32,21:40,04:39,17:47,23:14,23:59,24:58,11:50
34:59,37:17,39:49,56:18,08:40,34:49,50:24,50:05,55:54,21:43
31:55,32:07,36:52,38:01,07:35,30:11,39:09,42:04,42:30,17:09
-,-,-,-,-,-,-,-,-,-
-,-,-,-,-,-,-,-,-,-
43:23,42:03,41:01,40:07,09:01,34:41,40:29,45:18,44:44,17:04
31:56,32:06,36:52,38:01,07:35,30:11,39:09,42:04,42:30,17:08
28:56,29:43,30:49,30:44,06:49,25:28,32:40,36:59,36:15,16:28
18:16,18:33,18:40,18:46,04:04,14:42,19:08,19:26,19:56,08:31
19:38,19:26,19:30,19:36,04:11,14:58,19:19,19:11,18:51,07:59
28:08,28:48,28:24,27:55,05:57,21:56,28:29,31:40,37:29,15:51
30:35,30:58,32:24,33:31,07:24,28:02,41:31,45:29,43:06,19:06
29:05,30:15,30:12,30:08,06:35,24:55,34:19,36:33,35:50,14:10
28:05,28:18,28:23,29:00,06:09,22:38,30:20,34:30,39:22,19:04
-,-,-,-,-,-,-,-,-,-
29:47,30:07,31:23,31:46,06:49,25:45,32:31,32:30,34:41,16:36
-,-,-,-,-,-,-,-,-,-
20:35,21:21,21:53,22:04,04:42,17:14,22:38,22:54,23:39,10:22
-,-,-,-,-,-,-,-,-,-
32:09,34:00,34:34,35:27,07:39,28:02,36:26,37:41,39:46,17:31
-,-,-,-,-,-,-,-,-,-
-,-,-,-,-,-,-,-,-,-
30:02,30:33,31:24,33:36,07:16,29:52,39:48,47:25,44:01,16:02
31:41,32:47,38:01,37:40,09:48,29:23,31:50,35:52,36:29,18:10
23:34,22:55,22:01,21:49,04:43,17:22,22:08,22:12,22:22,09:48
31:54,50:21,39:49,34:49,07:29,27:57,37:29,42:06,42:06,20:32
30:37,34:09,37:56,40:15,09:18,33:54,41:46,42:37,44:31,18:30
36:08,32:40,34:11,33:46,07:08,27:09,38:01,36:59,38:19,17:15
31:29,38:02,33:45,34:22,07:22,27:12,34:54,35:35,36:27,15:35
31:29,38:02,33:45,34:23,07:21,27:12,34:54,35:35,36:27,15:35
31:23,32:15,32:46,33:15,07:19,26:20,35:15,36:04,36:49,15:16
30:16,46:03,37:07,40:47,09:31,36:38,46:40,47:07,47:19,18:50
28:16,28:49,28:50,29:05,06:25,22:47,30:11,31:47,31:24,13:51
34:35,36:08,40:03,39:52,09:02,33:49,43:27,46:55,41:21,18:37
26:26,26:35,27:20,26:29,05:45,20:51,26:32,28:21,32:02,14:56
30:21,31:19,31:31,32:24,08:37,39:00,39:47,44:16,40:32,16:41
33:06,34:36,35:14,36:15,07:54,29:20,39:49,41:20,41:15,18:20
19:17,19:13,19:28,19:39,04:17,15:40,20:39,21:45,22:49,10:25
-,-,-,-,-,-,-,-,-,-
27:37,28:09,28:12,28:29,06:15,23:00,31:02,33:15,33:53,15:30
31:15,36:27,32:39,32:33,06:49,25:11,32:02,32:22,32:08,13:48
37:32,35:28,36:01,37:09,07:31,27:58,39:12,42:51,41:40,19:21
-,-,-,-,-,-,-,-,-,-
28:02,27:54,28:44,28:37,06:19,22:47,29:07,29:35,29:48,12:51
30:47,31:29,32:35,33:52,09:23,32:35,41:47,44:03,38:06,15:18
25:49,26:15,26:57,26:58,05:54,21:04,27:47,27:32,28:47,12:30
25:40,26:06,28:11,31:11,07:14,26:48,36:59,37:08,35:21,14:48
31:55,29:52,30:23,29:51,06:44,24:07,32:28,37:07,38:10,15:43
35:18,37:49,37:31,39:18,08:16,32:34,53:46,46:43,44:04,18:50
35:18,37:49,37:31,39:18,08:16,32:28,44:08,47:21,46:40,18:15
29:02,30:03,31:38,28:17,06:17,23:29,28:41,33:32,34:29,14:48
20:53,21:15,21:37,21:48,04:49,17:25,23:15,24:09,24:41,10:38
29:04,30:38,30:46,31:16,06:38,24:45,32:46,34:11,33:44,14:13
24:22,24:03,23:16,23:31,05:02,18:28,24:26,26:54,27:34,11:55
30:35,32:07,32:28,32:29,07:02,24:21,30:43,31:59,32:30,13:45
27:42,28:05,28:55,30:52,07:39,28:13,35:43,37:45,37:46,15:38
22:23,22:59,23:01,23:30,05:09,18:40,25:03,32:40,45:23,16:27
36:53,48:36,42:28,46:54,10:38,41:18,47:45,51:02,53:57,20:34
-,-,-,-,-,-,-,-,-,-
35:58,38:19,40:48,46:51,10:15,37:31,46:40,48:39,47:51,21:24
27:50,28:03,28:16,28:44,06:08,22:16,28:31,28:57,29:10,12:00
34:54,35:34,35:26,37:11,07:55,28:53,39:38,40:55,41:18,16:23
20:41,21:02,21:05,20:59,04:33,16:12,20:27,20:42,21:39,09:25
28:53,33:28,34:44,35:23,07:12,31:35,36:12,43:27,39:31,16:34
23:52,24:46,24:57,24:50,05:27,20:40,32:45,40:22,46:12,16:34
25:44,25:41,26:03,26:26,05:39,20:53,27:11,27:49,28:16,12:27
32:49,32:49,34:03,35:15,07:32,29:04,42:32,43:26,42:58,16:48
-,-,-,-,-,-,-,-,-,-
22:57,22:28,22:35,22:35,04:51,17:24,22:38,23:29,23:52,09:52
44:41,43:12,46:40,49:27,10:53,48:31,55:48,55:42,-,-
25:09,25:09,25:10,25:07,05:28,19:41,24:58,24:54,24:01,09:50
37:22,39:55,42:11,45:41,08:57,35:34,45:50,48:11,48:39,19:15
30:01,30:50,31:06,31:27,06:49,25:08,32:54,34:00,34:17,14:17
21:22,21:47,22:14,22:33,04:51,18:01,24:34,25:34,26:52,11:05
32:49,33:16,34:34,33:28,07:13,26:35,33:58,34:50,34:48,14:46
32:12,36:28,39:56,40:30,09:32,38:29,48:51,53:39,49:56,20:56
28:48,29:10,28:52,28:52,06:25,23:53,33:53,41:02,50:26,18:27
38:11,45:54,48:22,50:13,10:55,40:28,51:53,54:31,57:30,25:30
32:16,35:00,34:11,35:06,07:17,27:42,35:13,34:52,35:06,14:37
33:08,33:53,35:29,36:26,08:02,29:04,38:26,42:39,45:04,19:44
27:13,27:56,28:12,29:35,06:22,23:48,31:20,35:30,36:30,14:56
27:42,28:09,28:30,29:09,06:37,24:13,32:58,34:40,36:12,15:55
27:49,28:02,28:27,29:09,06:16,22:50,29:10,29:32,29:25,12:27
-,-,-,-,-,-,-,-,-,-
30:09,30:08,30:27,30:33,06:48,24:34,32:37,35:36,34:59,14:27
22:35,22:32,23:09,23:03,04:57,18:09,23:44,24:04,24:08,10:30
25:51,24:07,24:34,24:30,05:20,19:24,26:04,28:21,30:37,13:08
28:00,28:27,28:37,28:46,06:20,22:51,29:35,30:45,33:04,13:57
33:36,33:51,35:24,37:20,08:19,30:14,41:24,46:17,44:33,19:47
42:56,42:26,46:50,50:49,10:10,40:55,53:42,55:07,55:04,21:03
25:47,25:34,25:49,25:57,05:38,20:17,26:13,26:44,27:08,11:47
31:08,32:16,32:38,32:32,06:50,25:11,32:02,32:21,32:09,13:48
-,-,-,-,-,-,-,-,-,-
22:49,23:04,22:46,22:58,04:57,17:51,22:57,23:04,23:50,10:02
36:45,41:33,43:28,47:01,15:54,35:57,49:44,51:20,51:31,22:03
40:21,40:08,41:42,42:58,09:13,35:57,46:18,45:19,46:57,20:58
26:21,27:45,27:09,27:11,05:43,20:52,27:32,28:05,31:36,14:29
-,-,-,-,-,-,-,-,-,-
40:27,45:29,41:11,45:17,09:19,39:04,50:56,59:18,59:29,24:51
24:54,24:05,25:00,24:41,05:09,20:32,27:51,25:46,24:45,10:18
18:33,18:56,19:22,19:25,04:14,15:14,19:45,21:07,22:45,10:30
-,-,-,-,-,-,-,-,-,-
26:56,27:42,33:40,32:04,08:32,28:55,35:20,46:00,38:58,14:27
29:48,30:50,31:43,33:32,07:14,30:17,39:30,41:11,38:01,15:03
34:01,32:56,33:22,33:33,07:29,28:42,46:16,43:50,38:52,16:35
24:55,24:36,24:34,24:34,05:20,19:13,24:33,25:49,26:20,11:20
19:51,20:32,20:45,20:56,04:35,16:35,21:42,22:04,22:53,09:42
27:44,28:34,29:31,29:53,07:35,24:57,33:30,37:02,36:05,15:04
20:01,19:57,20:10,20:06,04:17,15:23,20:05,19:45,20:00,08:39
21:50,21:10,21:11,21:29,04:38,17:07,22:59,24:45,26:01,11:14
28:02,29:13,29:40,29:46,06:56,23:54,31:17,32:55,33:44,14:31
38:11,38:59,38:06,40:51,08:36,34:50,44:15,40:16,37:55,15:24
28:18,28:51,28:25,27:41,05:57,20:47,26:49,27:39,27:27,11:46
30:08,30:45,30:49,31:45,07:09,27:27,37:38,41:59,37:34,14:35
34:20,34:48,35:18,37:14,08:09,29:38,39:16,41:52,40:55,16:49
26:39,28:20,28:19,27:57,06:05,22:11,28:32,29:09,28:16,12:01
-,-,-,-,-,-,-,-,-,-
22:00,22:05,22:14,22:42,04:54,18:06,24:30,25:47,26:26,11:36
31:28,32:31,32:54,33:16,07:03,26:00,32:42,33:49,34:17,15:00
31:22,33:22,34:00,34:58,07:41,31:31,37:03,39:58,44:50,20:32
20:03,20:29,20:32,20:42,04:31,16:09,20:59,21:57,22:19,09:39
29:43,30:21,30:49,30:49,06:45,24:30,31:24,33:49,32:57,13:52
33:23,33:45,34:25,42:44,07:43,29:15,43:24,39:06,37:15,16:35
25:22,25:42,26:42,27:25,06:01,22:06,30:37,32:02,34:41,13:51
27:34,28:32,30:31,29:25,06:30,23:23,32:29,32:28,35:34,14:20
24:40,24:31,25:52,26:16,05:33,20:57,28:16,28:15,28:01,12:14
32:31,41:47,33:01,35:46,07:42,32:03,40:25,41:00,39:06,17:40
31:34,32:43,36:21,33:44,07:16,26:30,37:14,37:26,36:14,14:46
28:01,28:59,29:12,29:27,06:28,23:11,30:26,31:45,31:53,13:53
29:13,28:32,29:20,27:59,06:10,22:07,28:15,29:14,29:18,14:35
31:22,33:23,34:00,33:55,07:15,27:10,37:46,46:43,38:30,16:25
-,-,-,-,-,-,-,-,-,-
27:41,27:58,28:40,29:27,06:19,27:20,30:50,32:21,32:10,14:23
24:07,24:05,24:18,24:29,05:15,19:01,24:37,24:44,25:13,11:29
20:39,21:01,21:12,21:17,04:35,16:20,21:17,22:27,26:21,12:49
23:52,24:13,24:01,24:11,05:06,18:52,24:48,24:52,24:58,11:16
35:47,36:36,39:33,44:57,08:07,38:26,37:51,01:01:36,47:18,17:39
21:23,21:42,21:33,21:52,04:47,17:29,24:10,25:40,27:17,-
-,-,-,-,-,-,-,-,-,-
34:09,33:59,36:19,52:00,07:24,30:36,39:32,43:14,40:47,17:47
36:25,45:14,42:37,49:12,11:27,39:09,53:49,51:47,54:28,23:15
40:21,40:08,43:12,41:28,09:13,35:57,46:17,45:19,46:58,20:58
29:54,30:42,31:15,31:35,07:00,25:15,33:40,39:54,36:42,14:22
22:21,22:32,22:57,23:16,05:01,18:00,23:24,24:16,25:45,11:53
27:01,28:35,28:36,28:22,06:10,22:27,28:51,30:16,30:13,13:31
21:16,21:14,21:23,21:14,04:40,16:42,21:48,24:54,26:12,11:13
27:07,27:49,28:08,27:43,06:05,21:54,29:33,30:58,30:48,13:36
30:09,31:06,31:28,31:06,06:22,24:24,30:38,34:40,34:06,14:37
